{
  "0": 0.5872302651405334,
  "1": 0.9984773397445679,
  "2": 1.8716155290603638,
  "3": 2.579676389694214,
  "4": 2.3974454402923584,
  "5": 2.2073261737823486,
  "6": 2.2514748573303223,
  "7": 2.3300654888153076,
  "8": 2.3742411136627197,
  "9": 2.3266735076904297,
  "10": 2.410062313079834,
  "11": 2.351775884628296,
  "12": 2.461663246154785,
  "13": 2.3698415756225586,
  "14": 2.4341211318969727,
  "15": 2.490083932876587,
  "16": 2.538736581802368,
  "17": 2.518361806869507,
  "18": 2.4694924354553223,
  "19": 2.321013927459717,
  "20": 2.286022901535034,
  "21": 2.1625900268554688,
  "22": 2.0165960788726807,
  "23": 1.396883249282837,
  "24": 1.6422315835952759,
  "25": 1.6749966144561768,
  "26": 1.4812631607055664,
  "27": 1.3168091773986816,
  "28": 1.980244755744934,
  "29": 2.107774257659912,
  "30": 2.1369357109069824,
  "31": 2.102003335952759,
  "32": 1.9298092126846313
}